price,bread,hotcake,milk_or_sour_milk,cheese_cottage_cheese,others,week_day_0,week_day_1,week_day_2,week_day_3,week_day_4
2.46,0,0,1,0,0,1,0,0,0,0
3.88,1,0,0,0,0,1,0,0,0,0
5.96,1,0,0,0,0,1,0,0,0,0
4.7,1,0,0,0,0,1,0,0,0,0
7.7,1,0,0,0,0,1,0,0,0,0
5.29,1,0,0,0,0,1,0,0,0,0
4.74,1,0,0,0,0,1,0,0,0,0
6.48,1,0,0,0,0,1,0,0,0,0
4.37,1,0,0,0,0,1,0,0,0,0
6.5,1,0,0,0,0,1,0,0,0,0
3.95,1,0,0,0,0,1,0,0,0,0
5.99,1,0,0,0,0,1,0,0,0,0
11.99,0,1,0,0,0,1,0,0,0,0
6.61,0,0,1,0,0,1,0,0,0,0
2.96,1,0,0,0,0,1,0,0,0,0
4.48,1,0,0,0,0,1,0,0,0,0
7.3,1,0,0,0,0,1,0,0,0,0
6.6,1,0,0,0,0,1,0,0,0,0
7.95,0,1,0,0,0,1,0,0,0,0
5.97,0,1,0,0,0,1,0,0,0,0
9.64,0,0,1,0,0,1,0,0,0,0
14.89,0,0,1,0,0,1,0,0,0,0
8.32,0,0,1,0,0,1,0,0,0,0
8.34,0,0,1,0,0,1,0,0,0,0
8.34,0,0,1,0,0,1,0,0,0,0
7.39,0,0,1,0,0,1,0,0,0,0
8.88,0,0,1,0,0,1,0,0,0,0
5.24,0,0,1,0,0,1,0,0,0,0
8.36,0,0,1,0,0,1,0,0,0,0
13.6,0,0,1,0,0,1,0,0,0,0
6.16,0,0,1,0,0,1,0,0,0,0
7.49,0,0,1,0,0,1,0,0,0,0
9.16,0,0,1,0,0,1,0,0,0,0
5.87,0,0,1,0,0,1,0,0,0,0
6.38,0,0,1,0,0,1,0,0,0,0
8.37,0,0,1,0,0,1,0,0,0,0
8.35,0,0,1,0,0,1,0,0,0,0
8.36,0,0,1,0,0,1,0,0,0,0
8.37,0,0,1,0,0,1,0,0,0,0
8.36,0,0,1,0,0,1,0,0,0,0
8.37,0,0,1,0,0,1,0,0,0,0
9.0,0,1,0,0,0,1,0,0,0,0
8.89,1,0,0,0,0,1,0,0,0,0
9.28,0,0,0,0,1,1,0,0,0,0
7.73,0,0,0,0,1,1,0,0,0,0
17.1,0,0,0,0,1,1,0,0,0,0
9.36,0,0,0,0,1,1,0,0,0,0
18.0,0,0,0,0,1,1,0,0,0,0
24.98,0,0,0,0,1,1,0,0,0,0
18.04,0,0,0,0,1,1,0,0,0,0
10.72,0,0,0,0,1,1,0,0,0,0
7.97,0,0,0,0,1,1,0,0,0,0
19.85,0,0,0,0,1,1,0,0,0,0
22.93,0,0,0,0,1,1,0,0,0,0
35.95,0,0,0,0,1,1,0,0,0,0
22.93,0,0,0,0,1,1,0,0,0,0
28.89,0,0,0,0,1,1,0,0,0,0
28.87,0,0,0,0,1,1,0,0,0,0
25.91,0,0,0,0,1,1,0,0,0,0
5.75,0,0,1,0,0,1,0,0,0,0
9.49,0,0,1,0,0,1,0,0,0,0
8.97,0,0,1,0,0,1,0,0,0,0
6.62,0,0,1,0,0,1,0,0,0,0
9.62,0,0,1,0,0,1,0,0,0,0
11.59,0,0,1,0,0,1,0,0,0,0
8.75,0,0,1,0,0,1,0,0,0,0
6.97,0,0,1,0,0,1,0,0,0,0
4.86,0,0,1,0,0,1,0,0,0,0
25.38,0,0,1,0,0,1,0,0,0,0
3.59,0,0,1,0,0,1,0,0,0,0
17.75,0,0,1,0,0,1,0,0,0,0
7.42,0,0,1,0,0,1,0,0,0,0
4.14,0,0,1,0,0,1,0,0,0,0
6.52,0,0,1,0,0,1,0,0,0,0
6.32,0,0,1,0,0,1,0,0,0,0
6.26,0,0,1,0,0,1,0,0,0,0
10.49,0,0,1,0,0,1,0,0,0,0
10.49,0,0,1,0,0,1,0,0,0,0
8.24,0,0,1,0,0,1,0,0,0,0
6.62,0,0,1,0,0,1,0,0,0,0
5.26,0,0,0,1,0,1,0,0,0,0
4.91,1,0,0,0,0,1,0,0,0,0
17.99,1,0,0,0,0,1,0,0,0,0
8.95,0,1,0,0,0,1,0,0,0,0
5.93,0,1,0,0,0,1,0,0,0,0
5.99,0,1,0,0,0,1,0,0,0,0
12.95,0,1,0,0,0,1,0,0,0,0
5.94,0,1,0,0,0,1,0,0,0,0
5.99,0,1,0,0,0,1,0,0,0,0
5.98,0,1,0,0,0,1,0,0,0,0
6.0,0,1,0,0,0,1,0,0,0,0
6.0,0,1,0,0,0,1,0,0,0,0
6.97,0,1,0,0,0,1,0,0,0,0
6.99,0,1,0,0,0,1,0,0,0,0
6.0,0,1,0,0,0,1,0,0,0,0
8.98,0,1,0,0,0,1,0,0,0,0
16.82,0,0,0,1,0,1,0,0,0,0
29.75,0,0,0,1,0,1,0,0,0,0
6.89,1,0,0,0,0,1,0,0,0,0
5.95,0,1,0,0,0,1,0,0,0,0
8.95,0,1,0,0,0,1,0,0,0,0
7.14,0,0,0,1,0,1,0,0,0,0
5.32,0,0,1,0,0,1,0,0,0,0
8.0,0,1,0,0,0,1,0,0,0,0
6.4,0,0,1,0,0,1,0,0,0,0
15.79,0,0,0,0,1,1,0,0,0,0
10.18,0,0,1,0,0,1,0,0,0,0
10.12,0,0,1,0,0,1,0,0,0,0
8.0,0,1,0,0,0,1,0,0,0,0
7.98,0,1,0,0,0,1,0,0,0,0
6.25,0,0,0,0,1,1,0,0,0,0
11.01,0,0,0,0,1,1,0,0,0,0
20.27,0,0,0,0,1,1,0,0,0,0
12.13,0,0,0,0,1,1,0,0,0,0
9.35,0,0,0,0,1,1,0,0,0,0
13.6,0,0,0,0,1,1,0,0,0,0
21.27,0,0,0,0,1,1,0,0,0,0
7.09,0,0,1,0,0,1,0,0,0,0
8.99,0,1,0,0,0,1,0,0,0,0
5.02,0,0,0,0,1,1,0,0,0,0
103.84,0,0,0,1,0,1,0,0,0,0
169.68,0,0,0,1,0,1,0,0,0,0
30.18,0,0,0,1,0,1,0,0,0,0
163.37,0,0,0,1,0,1,0,0,0,0
89.85,0,0,0,1,0,1,0,0,0,0
89.26,0,0,0,1,0,1,0,0,0,0
109.02,0,0,0,1,0,1,0,0,0,0
7.96,0,0,0,1,0,1,0,0,0,0
7.08,0,0,0,1,0,1,0,0,0,0
9.09,0,0,0,1,0,1,0,0,0,0
57.95,0,0,0,1,0,1,0,0,0,0
133.68,0,0,0,1,0,1,0,0,0,0
133.79,0,0,0,1,0,1,0,0,0,0
149.93,0,0,0,1,0,1,0,0,0,0
144.8,0,0,0,1,0,1,0,0,0,0
19.32,0,0,0,1,0,1,0,0,0,0
129.49,0,0,0,1,0,1,0,0,0,0
18.67,0,0,0,1,0,1,0,0,0,0
26.14,0,0,0,1,0,1,0,0,0,0
17.21,0,0,0,1,0,1,0,0,0,0
18.67,0,0,0,1,0,1,0,0,0,0
37.87,0,0,0,1,0,1,0,0,0,0
3.72,0,0,0,1,0,1,0,0,0,0
14.32,0,0,0,1,0,1,0,0,0,0
17.21,0,0,0,1,0,1,0,0,0,0
17.93,0,0,0,1,0,1,0,0,0,0
24.2,0,0,0,1,0,1,0,0,0,0
4.37,0,0,0,1,0,1,0,0,0,0
11.39,0,0,0,1,0,1,0,0,0,0
9.0,0,1,0,0,0,1,0,0,0,0
3.85,1,0,0,0,0,1,0,0,0,0
6.61,1,0,0,0,0,1,0,0,0,0
8.0,1,0,0,0,0,1,0,0,0,0
3.78,1,0,0,0,0,1,0,0,0,0
5.98,1,0,0,0,0,1,0,0,0,0
4.21,1,0,0,0,0,1,0,0,0,0
6.7,1,0,0,0,0,1,0,0,0,0
4.3,1,0,0,0,0,1,0,0,0,0
7.4,1,0,0,0,0,1,0,0,0,0
4.92,1,0,0,0,0,1,0,0,0,0
4.18,1,0,0,0,0,1,0,0,0,0
5.3,1,0,0,0,0,1,0,0,0,0
10.0,1,0,0,0,0,1,0,0,0,0
10.0,1,0,0,0,0,1,0,0,0,0
11.0,1,0,0,0,0,1,0,0,0,0
9.99,1,0,0,0,0,1,0,0,0,0
3.0,1,0,0,0,0,1,0,0,0,0
6.47,1,0,0,0,0,1,0,0,0,0
8.46,1,0,0,0,0,1,0,0,0,0
3.08,1,0,0,0,0,1,0,0,0,0
7.96,1,0,0,0,0,1,0,0,0,0
3.55,1,0,0,0,0,1,0,0,0,0
5.09,1,0,0,0,0,1,0,0,0,0
6.99,0,1,0,0,0,1,0,0,0,0
2.5,0,0,1,0,0,0,1,0,0,0
3.86,1,0,0,0,0,0,1,0,0,0
5.98,1,0,0,0,0,0,1,0,0,0
4.71,1,0,0,0,0,0,1,0,0,0
5.3,1,0,0,0,0,0,1,0,0,0
4.32,1,0,0,0,0,0,1,0,0,0
3.89,1,0,0,0,0,0,1,0,0,0
6.0,1,0,0,0,0,0,1,0,0,0
11.82,0,1,0,0,0,0,1,0,0,0
6.61,0,0,1,0,0,0,1,0,0,0
2.97,1,0,0,0,0,0,1,0,0,0
5.99,0,1,0,0,0,0,1,0,0,0
9.64,0,0,1,0,0,0,1,0,0,0
8.36,0,0,1,0,0,0,1,0,0,0
8.34,0,0,1,0,0,0,1,0,0,0
8.38,0,0,1,0,0,0,1,0,0,0
8.88,0,0,1,0,0,0,1,0,0,0
11.88,0,0,1,0,0,0,1,0,0,0
8.31,0,0,1,0,0,0,1,0,0,0
13.6,0,0,1,0,0,0,1,0,0,0
7.49,0,0,1,0,0,0,1,0,0,0
5.86,0,0,1,0,0,0,1,0,0,0
5.72,0,0,1,0,0,0,1,0,0,0
6.37,0,0,1,0,0,0,1,0,0,0
8.34,0,0,1,0,0,0,1,0,0,0
8.36,0,0,1,0,0,0,1,0,0,0
8.35,0,0,1,0,0,0,1,0,0,0
8.36,0,0,1,0,0,0,1,0,0,0
8.25,0,0,1,0,0,0,1,0,0,0
8.36,0,0,1,0,0,0,1,0,0,0
6.19,0,0,1,0,0,0,1,0,0,0
8.99,0,1,0,0,0,0,1,0,0,0
8.99,1,0,0,0,0,0,1,0,0,0
9.28,0,0,0,0,1,0,1,0,0,0
17.81,0,0,0,0,1,0,1,0,0,0
18.08,0,0,0,0,1,0,1,0,0,0
10.54,0,0,0,0,1,0,1,0,0,0
30.0,0,0,0,0,1,0,1,0,0,0
19.79,0,0,0,0,1,0,1,0,0,0
23.25,0,0,0,0,1,0,1,0,0,0
29.0,0,0,0,0,1,0,1,0,0,0
16.75,0,0,0,0,1,0,1,0,0,0
29.79,0,0,0,0,1,0,1,0,0,0
9.44,0,0,1,0,0,0,1,0,0,0
8.95,0,0,1,0,0,0,1,0,0,0
6.57,0,0,1,0,0,0,1,0,0,0
9.63,0,0,1,0,0,0,1,0,0,0
8.73,0,0,1,0,0,0,1,0,0,0
6.97,0,0,1,0,0,0,1,0,0,0
4.85,0,0,1,0,0,0,1,0,0,0
20.49,0,0,1,0,0,0,1,0,0,0
7.43,0,0,1,0,0,0,1,0,0,0
10.77,0,0,1,0,0,0,1,0,0,0
6.61,0,0,1,0,0,0,1,0,0,0
6.28,0,0,1,0,0,0,1,0,0,0
6.31,0,0,1,0,0,0,1,0,0,0
4.87,1,0,0,0,0,0,1,0,0,0
17.94,1,0,0,0,0,0,1,0,0,0
5.98,0,1,0,0,0,0,1,0,0,0
12.98,0,1,0,0,0,0,1,0,0,0
5.97,0,1,0,0,0,0,1,0,0,0
5.94,0,1,0,0,0,0,1,0,0,0
5.98,0,1,0,0,0,0,1,0,0,0
5.97,0,1,0,0,0,0,1,0,0,0
5.99,0,1,0,0,0,0,1,0,0,0
6.96,0,1,0,0,0,0,1,0,0,0
6.96,0,1,0,0,0,0,1,0,0,0
5.97,0,1,0,0,0,0,1,0,0,0
9.0,0,1,0,0,0,0,1,0,0,0
16.77,0,0,0,1,0,0,1,0,0,0
31.37,0,0,0,1,0,0,1,0,0,0
6.99,1,0,0,0,0,0,1,0,0,0
5.96,0,1,0,0,0,0,1,0,0,0
111.21,0,0,0,1,0,0,1,0,0,0
31.25,0,0,0,1,0,0,1,0,0,0
6.35,0,1,0,0,0,0,1,0,0,0
3.81,0,1,0,0,0,0,1,0,0,0
7.98,0,1,0,0,0,0,1,0,0,0
6.54,0,0,1,0,0,0,1,0,0,0
7.01,0,0,1,0,0,0,1,0,0,0
10.86,0,0,0,0,1,0,1,0,0,0
16.0,0,0,0,0,1,0,1,0,0,0
10.2,0,0,1,0,0,0,1,0,0,0
7.99,0,1,0,0,0,0,1,0,0,0
8.0,0,1,0,0,0,0,1,0,0,0
7.98,0,1,0,0,0,0,1,0,0,0
6.22,0,0,0,0,1,0,1,0,0,0
11.01,0,0,0,0,1,0,1,0,0,0
11.99,0,0,0,0,1,0,1,0,0,0
9.35,0,0,0,0,1,0,1,0,0,0
13.75,0,0,0,0,1,0,1,0,0,0
7.13,0,0,1,0,0,0,1,0,0,0
9.0,0,1,0,0,0,0,1,0,0,0
5.1,0,0,0,0,1,0,1,0,0,0
104.75,0,0,0,1,0,0,1,0,0,0
30.0,0,0,0,1,0,0,1,0,0,0
35.23,0,0,0,1,0,0,1,0,0,0
89.58,0,0,0,1,0,0,1,0,0,0
89.62,0,0,0,1,0,0,1,0,0,0
108.5,0,0,0,1,0,0,1,0,0,0
7.98,0,0,0,1,0,0,1,0,0,0
6.95,0,0,0,1,0,0,1,0,0,0
9.06,0,0,0,1,0,0,1,0,0,0
133.44,0,0,0,1,0,0,1,0,0,0
99.84,0,0,0,1,0,0,1,0,0,0
134.71,0,0,0,1,0,0,1,0,0,0
4.41,0,0,0,1,0,0,1,0,0,0
209.12,0,0,0,1,0,0,1,0,0,0
119.58,0,0,0,1,0,0,1,0,0,0
129.84,0,0,0,1,0,0,1,0,0,0
10.56,0,0,0,1,0,0,1,0,0,0
18.65,0,0,0,1,0,0,1,0,0,0
22.19,0,0,0,1,0,0,1,0,0,0
32.5,0,0,0,1,0,0,1,0,0,0
3.73,0,0,0,1,0,0,1,0,0,0
5.3,0,0,0,1,0,0,1,0,0,0
14.28,0,0,0,1,0,0,1,0,0,0
17.21,0,0,0,1,0,0,1,0,0,0
18.09,0,0,0,1,0,0,1,0,0,0
24.12,0,0,0,1,0,0,1,0,0,0
9.76,0,0,0,1,0,0,1,0,0,0
4.38,0,0,0,1,0,0,1,0,0,0
8.95,0,1,0,0,0,0,1,0,0,0
7.37,1,0,0,0,0,0,1,0,0,0
3.88,1,0,0,0,0,0,1,0,0,0
6.66,1,0,0,0,0,0,1,0,0,0
3.8,1,0,0,0,0,0,1,0,0,0
4.21,1,0,0,0,0,0,1,0,0,0
6.58,1,0,0,0,0,0,1,0,0,0
4.95,1,0,0,0,0,0,1,0,0,0
4.16,1,0,0,0,0,0,1,0,0,0
5.24,1,0,0,0,0,0,1,0,0,0
11.0,1,0,0,0,0,0,1,0,0,0
9.98,1,0,0,0,0,0,1,0,0,0
10.99,1,0,0,0,0,0,1,0,0,0
9.98,1,0,0,0,0,0,1,0,0,0
2.98,1,0,0,0,0,0,1,0,0,0
6.48,1,0,0,0,0,0,1,0,0,0
7.08,1,0,0,0,0,0,1,0,0,0
8.2,1,0,0,0,0,0,1,0,0,0
3.07,1,0,0,0,0,0,1,0,0,0
3.57,1,0,0,0,0,0,1,0,0,0
5.06,1,0,0,0,0,0,1,0,0,0
7.0,0,1,0,0,0,0,1,0,0,0
3.87,1,0,0,0,0,0,0,0,1,0
5.98,1,0,0,0,0,0,0,0,1,0
4.7,1,0,0,0,0,0,0,0,1,0
7.68,1,0,0,0,0,0,0,0,1,0
5.31,1,0,0,0,0,0,0,0,1,0
4.78,1,0,0,0,0,0,0,0,1,0
6.46,1,0,0,0,0,0,0,0,1,0
4.34,1,0,0,0,0,0,0,0,1,0
6.5,1,0,0,0,0,0,0,0,1,0
5.99,1,0,0,0,0,0,0,0,1,0
12.0,0,1,0,0,0,0,0,0,1,0
6.58,0,0,1,0,0,0,0,0,1,0
2.96,1,0,0,0,0,0,0,0,1,0
5.94,1,0,0,0,0,0,0,0,1,0
4.44,1,0,0,0,0,0,0,0,1,0
7.5,1,0,0,0,0,0,0,0,1,0
8.0,0,1,0,0,0,0,0,0,1,0
9.57,0,0,1,0,0,0,0,0,1,0
8.31,0,0,1,0,0,0,0,0,1,0
8.38,0,0,1,0,0,0,0,0,1,0
6.4,0,0,1,0,0,0,0,0,1,0
7.33,0,0,1,0,0,0,0,0,1,0
8.36,0,0,1,0,0,0,0,0,1,0
7.5,0,0,1,0,0,0,0,0,1,0
9.04,0,0,1,0,0,0,0,0,1,0
5.69,0,0,1,0,0,0,0,0,1,0
6.38,0,0,1,0,0,0,0,0,1,0
8.37,0,0,1,0,0,0,0,0,1,0
8.36,0,0,1,0,0,0,0,0,1,0
8.37,0,0,1,0,0,0,0,0,1,0
8.3,0,0,1,0,0,0,0,0,1,0
8.36,0,0,1,0,0,0,0,0,1,0
8.37,0,0,1,0,0,0,0,0,1,0
7.2,0,0,1,0,0,0,0,0,1,0
8.97,0,1,0,0,0,0,0,0,1,0
8.96,1,0,0,0,0,0,0,0,1,0
7.78,0,0,0,0,1,0,0,0,1,0
8.1,0,0,0,0,1,0,0,0,1,0
15.64,0,0,0,0,1,0,0,0,1,0
24.84,0,0,0,0,1,0,0,0,1,0
25.0,0,0,0,0,1,0,0,0,1,0
16.56,0,0,0,0,1,0,0,0,1,0
6.81,0,0,0,0,1,0,0,0,1,0
29.86,0,0,0,0,1,0,0,0,1,0
23.25,0,0,0,0,1,0,0,0,1,0
30.83,0,0,0,0,1,0,0,0,1,0
22.91,0,0,0,0,1,0,0,0,1,0
28.9,0,0,0,0,1,0,0,0,1,0
19.15,0,0,0,0,1,0,0,0,1,0
46.54,0,0,0,0,1,0,0,0,1,0
28.1,0,0,0,1,0,0,0,0,1,0
4.96,0,0,1,0,0,0,0,0,1,0
8.39,0,0,1,0,0,0,0,0,1,0
7.94,0,0,1,0,0,0,0,0,1,0
5.51,0,0,1,0,0,0,0,0,1,0
9.65,0,0,1,0,0,0,0,0,1,0
8.71,0,0,1,0,0,0,0,0,1,0
7.01,0,0,1,0,0,0,0,0,1,0
4.83,0,0,1,0,0,0,0,0,1,0
14.75,0,0,1,0,0,0,0,0,1,0
7.41,0,0,1,0,0,0,0,0,1,0
21.0,0,0,1,0,0,0,0,0,1,0
10.68,0,0,1,0,0,0,0,0,1,0
5.11,0,0,1,0,0,0,0,0,1,0
6.27,0,0,1,0,0,0,0,0,1,0
10.74,0,0,1,0,0,0,0,0,1,0
17.96,1,0,0,0,0,0,0,0,1,0
8.94,0,1,0,0,0,0,0,0,1,0
5.99,0,1,0,0,0,0,0,0,1,0
6.0,0,1,0,0,0,0,0,0,1,0
5.98,0,1,0,0,0,0,0,0,1,0
12.9,0,1,0,0,0,0,0,0,1,0
6.0,0,1,0,0,0,0,0,0,1,0
6.0,0,1,0,0,0,0,0,0,1,0
5.99,0,1,0,0,0,0,0,0,1,0
5.95,0,1,0,0,0,0,0,0,1,0
7.0,0,1,0,0,0,0,0,0,1,0
6.96,0,1,0,0,0,0,0,0,1,0
5.99,0,1,0,0,0,0,0,0,1,0
8.98,0,1,0,0,0,0,0,0,1,0
29.73,0,0,0,1,0,0,0,0,1,0
7.0,1,0,0,0,0,0,0,0,1,0
5.98,0,1,0,0,0,0,0,0,1,0
9.0,0,1,0,0,0,0,0,0,1,0
31.98,0,0,0,1,0,0,0,0,1,0
5.28,0,0,1,0,0,0,0,0,1,0
6.34,0,1,0,0,0,0,0,0,1,0
3.81,0,1,0,0,0,0,0,0,1,0
8.0,0,1,0,0,0,0,0,0,1,0
7.02,0,0,1,0,0,0,0,0,1,0
19.6,0,0,0,0,1,0,0,0,1,0
13.25,0,0,0,0,1,0,0,0,1,0
10.2,0,0,1,0,0,0,0,0,1,0
8.0,0,1,0,0,0,0,0,0,1,0
4.94,0,1,0,0,0,0,0,0,1,0
6.26,0,0,0,0,1,0,0,0,1,0
10.98,0,0,0,0,1,0,0,0,1,0
12.12,0,0,0,0,1,0,0,0,1,0
13.7,0,0,0,0,1,0,0,0,1,0
21.97,0,0,0,0,1,0,0,0,1,0
7.13,0,0,1,0,0,0,0,0,1,0
6.48,0,0,1,0,0,0,0,0,1,0
5.09,0,0,0,0,1,0,0,0,1,0
104.64,0,0,0,1,0,0,0,0,1,0
35.04,0,0,0,1,0,0,0,0,1,0
150.84,0,0,0,1,0,0,0,0,1,0
68.4,0,0,0,1,0,0,0,0,1,0
89.69,0,0,0,1,0,0,0,0,1,0
107.6,0,0,0,1,0,0,0,0,1,0
7.95,0,0,0,1,0,0,0,0,1,0
9.01,0,0,0,1,0,0,0,0,1,0
99.76,0,0,0,1,0,0,0,0,1,0
84.39,0,0,0,1,0,0,0,0,1,0
99.79,0,0,0,1,0,0,0,0,1,0
119.86,0,0,0,1,0,0,0,0,1,0
30.58,0,0,0,1,0,0,0,0,1,0
18.67,0,0,0,1,0,0,0,0,1,0
29.27,0,0,0,1,0,0,0,0,1,0
22.21,0,0,0,1,0,0,0,0,1,0
42.53,0,0,0,1,0,0,0,0,1,0
5.41,0,0,0,1,0,0,0,0,1,0
18.64,0,0,0,1,0,0,0,0,1,0
17.16,0,0,0,1,0,0,0,0,1,0
17.93,0,0,0,1,0,0,0,0,1,0
24.17,0,0,0,1,0,0,0,0,1,0
9.73,0,0,0,1,0,0,0,0,1,0
4.43,0,0,0,1,0,0,0,0,1,0
11.48,0,0,0,1,0,0,0,0,1,0
7.33,1,0,0,0,0,0,0,0,1,0
3.84,1,0,0,0,0,0,0,0,1,0
6.58,1,0,0,0,0,0,0,0,1,0
3.8,1,0,0,0,0,0,0,0,1,0
5.94,1,0,0,0,0,0,0,0,1,0
4.18,1,0,0,0,0,0,0,0,1,0
4.27,1,0,0,0,0,0,0,0,1,0
4.94,1,0,0,0,0,0,0,0,1,0
4.18,1,0,0,0,0,0,0,0,1,0
9.97,1,0,0,0,0,0,0,0,1,0
10.96,1,0,0,0,0,0,0,0,1,0
10.0,1,0,0,0,0,0,0,0,1,0
10.95,1,0,0,0,0,0,0,0,1,0
9.93,1,0,0,0,0,0,0,0,1,0
2.98,1,0,0,0,0,0,0,0,1,0
6.5,1,0,0,0,0,0,0,0,1,0
8.42,1,0,0,0,0,0,0,0,1,0
3.07,1,0,0,0,0,0,0,0,1,0
5.06,1,0,0,0,0,0,0,0,1,0
6.98,0,1,0,0,0,0,0,0,1,0
2.47,0,0,1,0,0,0,0,0,0,1
3.86,1,0,0,0,0,0,0,0,0,1
5.99,1,0,0,0,0,0,0,0,0,1
4.7,1,0,0,0,0,0,0,0,0,1
7.68,1,0,0,0,0,0,0,0,0,1
5.27,1,0,0,0,0,0,0,0,0,1
4.74,1,0,0,0,0,0,0,0,0,1
6.36,1,0,0,0,0,0,0,0,0,1
4.37,1,0,0,0,0,0,0,0,0,1
6.39,1,0,0,0,0,0,0,0,0,1
5.91,1,0,0,0,0,0,0,0,0,1
12.0,0,1,0,0,0,0,0,0,0,1
2.95,1,0,0,0,0,0,0,0,0,1
6.0,1,0,0,0,0,0,0,0,0,1
4.47,1,0,0,0,0,0,0,0,0,1
7.44,1,0,0,0,0,0,0,0,0,1
8.0,0,1,0,0,0,0,0,0,0,1
6.0,0,1,0,0,0,0,0,0,0,1
13.09,0,0,1,0,0,0,0,0,0,1
9.25,0,0,1,0,0,0,0,0,0,1
14.89,0,0,1,0,0,0,0,0,0,1
8.32,0,0,1,0,0,0,0,0,0,1
8.38,0,0,1,0,0,0,0,0,0,1
8.37,0,0,1,0,0,0,0,0,0,1
7.48,0,0,1,0,0,0,0,0,0,1
9.19,0,0,1,0,0,0,0,0,0,1
5.72,0,0,1,0,0,0,0,0,0,1
6.32,0,0,1,0,0,0,0,0,0,1
8.28,0,0,1,0,0,0,0,0,0,1
9.0,1,0,0,0,0,0,0,0,0,1
8.07,0,0,0,0,1,0,0,0,0,1
24.8,0,0,0,0,1,0,0,0,0,1
18.15,0,0,0,0,1,0,0,0,0,1
10.73,0,0,0,0,1,0,0,0,0,1
29.98,0,0,0,0,1,0,0,0,0,1
30.93,0,0,0,0,1,0,0,0,0,1
22.97,0,0,0,0,1,0,0,0,0,1
46.82,0,0,0,0,1,0,0,0,0,1
5.55,0,0,1,0,0,0,0,0,0,1
9.61,0,0,1,0,0,0,0,0,0,1
8.62,0,0,1,0,0,0,0,0,0,1
7.01,0,0,1,0,0,0,0,0,0,1
4.85,0,0,1,0,0,0,0,0,0,1
7.44,0,0,1,0,0,0,0,0,0,1
4.07,0,0,1,0,0,0,0,0,0,1
4.88,0,0,1,0,0,0,0,0,0,1
6.32,0,0,1,0,0,0,0,0,0,1
8.94,0,1,0,0,0,0,0,0,0,1
5.98,0,1,0,0,0,0,0,0,0,1
5.99,0,1,0,0,0,0,0,0,0,1
5.98,0,1,0,0,0,0,0,0,0,1
6.0,0,1,0,0,0,0,0,0,0,1
5.95,0,1,0,0,0,0,0,0,0,1
6.0,0,1,0,0,0,0,0,0,0,1
6.0,0,1,0,0,0,0,0,0,0,1
6.0,0,1,0,0,0,0,0,0,0,1
7.0,0,1,0,0,0,0,0,0,0,1
6.97,0,1,0,0,0,0,0,0,0,1
5.98,0,1,0,0,0,0,0,0,0,1
9.0,0,1,0,0,0,0,0,0,0,1
6.96,1,0,0,0,0,0,0,0,0,1
5.98,0,1,0,0,0,0,0,0,0,1
8.99,0,1,0,0,0,0,0,0,0,1
111.92,0,0,0,1,0,0,0,0,0,1
31.87,0,0,0,1,0,0,0,0,0,1
8.0,0,1,0,0,0,0,0,0,0,1
6.52,0,0,1,0,0,0,0,0,0,1
10.21,0,0,1,0,0,0,0,0,0,1
8.0,0,1,0,0,0,0,0,0,0,1
5.0,0,1,0,0,0,0,0,0,0,1
6.23,0,0,0,0,1,0,0,0,0,1
10.9,0,0,0,0,1,0,0,0,0,1
13.78,0,0,0,0,1,0,0,0,0,1
7.13,0,0,1,0,0,0,0,0,0,1
8.96,0,1,0,0,0,0,0,0,0,1
29.92,0,0,0,1,0,0,0,0,0,1
98.85,0,0,0,1,0,0,0,0,0,1
159.69,0,0,0,1,0,0,0,0,0,1
149.61,0,0,0,1,0,0,0,0,0,1
17.0,0,0,0,1,0,0,0,0,0,1
84.67,0,0,0,1,0,0,0,0,0,1
6.08,0,0,0,1,0,0,0,0,0,1
30.57,0,0,0,1,0,0,0,0,0,1
18.02,0,0,0,1,0,0,0,0,0,1
7.4,1,0,0,0,0,0,0,0,0,1
3.86,1,0,0,0,0,0,0,0,0,1
6.62,1,0,0,0,0,0,0,0,0,1
3.78,1,0,0,0,0,0,0,0,0,1
4.22,1,0,0,0,0,0,0,0,0,1
6.66,1,0,0,0,0,0,0,0,0,1
4.3,1,0,0,0,0,0,0,0,0,1
7.32,1,0,0,0,0,0,0,0,0,1
4.98,1,0,0,0,0,0,0,0,0,1
4.13,1,0,0,0,0,0,0,0,0,1
5.29,1,0,0,0,0,0,0,0,0,1
9.92,1,0,0,0,0,0,0,0,0,1
9.98,1,0,0,0,0,0,0,0,0,1
2.99,1,0,0,0,0,0,0,0,0,1
7.1,1,0,0,0,0,0,0,0,0,1
8.44,1,0,0,0,0,0,0,0,0,1
3.09,1,0,0,0,0,0,0,0,0,1
3.56,1,0,0,0,0,0,0,0,0,1
6.97,0,1,0,0,0,0,0,0,0,1
2.34,0,0,1,0,0,1,0,0,0,0
3.86,1,0,0,0,0,1,0,0,0,0
5.97,1,0,0,0,0,1,0,0,0,0
4.69,1,0,0,0,0,1,0,0,0,0
5.29,1,0,0,0,0,1,0,0,0,0
4.76,1,0,0,0,0,1,0,0,0,0
6.5,1,0,0,0,0,1,0,0,0,0
4.37,1,0,0,0,0,1,0,0,0,0
6.47,1,0,0,0,0,1,0,0,0,0
3.95,1,0,0,0,0,1,0,0,0,0
5.96,1,0,0,0,0,1,0,0,0,0
11.98,0,1,0,0,0,1,0,0,0,0
6.58,0,0,1,0,0,1,0,0,0,0
2.97,1,0,0,0,0,1,0,0,0,0
5.98,0,1,0,0,0,1,0,0,0,0
18.04,0,0,1,0,0,1,0,0,0,0
13.81,0,0,1,0,0,1,0,0,0,0
8.38,0,0,1,0,0,1,0,0,0,0
8.35,0,0,1,0,0,1,0,0,0,0
13.6,0,0,1,0,0,1,0,0,0,0
11.88,0,0,1,0,0,1,0,0,0,0
11.82,0,0,1,0,0,1,0,0,0,0
8.36,0,0,1,0,0,1,0,0,0,0
13.52,0,0,1,0,0,1,0,0,0,0
13.6,0,0,1,0,0,1,0,0,0,0
6.15,0,0,1,0,0,1,0,0,0,0
7.49,0,0,1,0,0,1,0,0,0,0
9.17,0,0,1,0,0,1,0,0,0,0
5.76,0,0,1,0,0,1,0,0,0,0
6.41,0,0,1,0,0,1,0,0,0,0
8.37,0,0,1,0,0,1,0,0,0,0
8.35,0,0,1,0,0,1,0,0,0,0
8.29,0,0,1,0,0,1,0,0,0,0
8.28,0,0,1,0,0,1,0,0,0,0
7.77,0,0,1,0,0,1,0,0,0,0
6.21,0,0,1,0,0,1,0,0,0,0
8.98,0,1,0,0,0,1,0,0,0,0
8.96,1,0,0,0,0,1,0,0,0,0
10.6,0,0,0,0,1,1,0,0,0,0
26.12,0,0,0,0,1,1,0,0,0,0
17.9,0,0,0,0,1,1,0,0,0,0
10.94,0,0,0,0,1,1,0,0,0,0
26.04,0,0,0,0,1,1,0,0,0,0
8.07,0,0,0,0,1,1,0,0,0,0
14.97,0,0,0,0,1,1,0,0,0,0
18.18,0,0,0,0,1,1,0,0,0,0
24.99,0,0,0,0,1,1,0,0,0,0
10.62,0,0,0,0,1,1,0,0,0,0
19.9,0,0,0,0,1,1,0,0,0,0
23.23,0,0,0,0,1,1,0,0,0,0
23.09,0,0,0,0,1,1,0,0,0,0
31.0,0,0,0,0,1,1,0,0,0,0
22.94,0,0,0,0,1,1,0,0,0,0
28.77,0,0,0,0,1,1,0,0,0,0
28.92,0,0,0,0,1,1,0,0,0,0
4.8,0,0,1,0,0,1,0,0,0,0
7.31,0,0,1,0,0,1,0,0,0,0
6.94,0,0,1,0,0,1,0,0,0,0
5.55,0,0,1,0,0,1,0,0,0,0
9.66,0,0,1,0,0,1,0,0,0,0
8.75,0,0,1,0,0,1,0,0,0,0
7.08,0,0,1,0,0,1,0,0,0,0
4.86,0,0,1,0,0,1,0,0,0,0
17.72,0,0,1,0,0,1,0,0,0,0
7.41,0,0,1,0,0,1,0,0,0,0
6.31,0,0,1,0,0,1,0,0,0,0
6.32,0,0,1,0,0,1,0,0,0,0
10.4,0,0,1,0,0,1,0,0,0,0
10.74,0,0,1,0,0,1,0,0,0,0
6.62,0,0,1,0,0,1,0,0,0,0
4.98,0,0,1,0,0,1,0,0,0,0
17.95,1,0,0,0,0,1,0,0,0,0
5.99,0,1,0,0,0,1,0,0,0,0
6.0,0,1,0,0,0,1,0,0,0,0
5.99,0,1,0,0,0,1,0,0,0,0
13.0,0,1,0,0,0,1,0,0,0,0
5.99,0,1,0,0,0,1,0,0,0,0
5.98,0,1,0,0,0,1,0,0,0,0
5.98,0,1,0,0,0,1,0,0,0,0
5.96,0,1,0,0,0,1,0,0,0,0
7.0,0,1,0,0,0,1,0,0,0,0
7.0,0,1,0,0,0,1,0,0,0,0
5.95,0,1,0,0,0,1,0,0,0,0
6.0,0,1,0,0,0,1,0,0,0,0
10.09,0,1,0,0,0,1,0,0,0,0
8.97,0,1,0,0,0,1,0,0,0,0
16.25,0,0,0,1,0,1,0,0,0,0
6.95,1,0,0,0,0,1,0,0,0,0
5.97,0,1,0,0,0,1,0,0,0,0
9.0,0,1,0,0,0,1,0,0,0,0
7.15,0,0,0,1,0,1,0,0,0,0
111.49,0,0,0,1,0,1,0,0,0,0
31.8,0,0,0,1,0,1,0,0,0,0
5.32,0,0,1,0,0,1,0,0,0,0
3.78,0,1,0,0,0,1,0,0,0,0
7.94,0,1,0,0,0,1,0,0,0,0
6.52,0,0,1,0,0,1,0,0,0,0
7.07,0,0,1,0,0,1,0,0,0,0
13.07,0,0,0,0,1,1,0,0,0,0
10.22,0,0,1,0,0,1,0,0,0,0
18.81,0,0,1,0,0,1,0,0,0,0
12.54,0,0,1,0,0,1,0,0,0,0
8.0,0,1,0,0,0,1,0,0,0,0
6.26,0,0,0,0,1,1,0,0,0,0
11.01,0,0,0,0,1,1,0,0,0,0
17.12,0,0,0,0,1,1,0,0,0,0
12.63,0,0,0,0,1,1,0,0,0,0
12.16,0,0,0,0,1,1,0,0,0,0
9.34,0,0,0,0,1,1,0,0,0,0
13.68,0,0,0,0,1,1,0,0,0,0
7.1,0,0,1,0,0,1,0,0,0,0
6.54,0,0,1,0,0,1,0,0,0,0
9.0,0,1,0,0,0,1,0,0,0,0
9.35,0,0,0,0,1,1,0,0,0,0
104.74,0,0,0,1,0,1,0,0,0,0
35.22,0,0,0,1,0,1,0,0,0,0
129.58,0,0,0,1,0,1,0,0,0,0
69.5,0,0,0,1,0,1,0,0,0,0
89.39,0,0,0,1,0,1,0,0,0,0
7.02,0,0,0,1,0,1,0,0,0,0
9.03,0,0,0,1,0,1,0,0,0,0
57.7,0,0,0,1,0,1,0,0,0,0
99.8,0,0,0,1,0,1,0,0,0,0
148.78,0,0,0,1,0,1,0,0,0,0
83.72,0,0,0,1,0,1,0,0,0,0
210.0,0,0,0,1,0,1,0,0,0,0
99.79,0,0,0,1,0,1,0,0,0,0
119.79,0,0,0,1,0,1,0,0,0,0
30.49,0,0,0,1,0,1,0,0,0,0
129.64,0,0,0,1,0,1,0,0,0,0
6.03,0,0,0,1,0,1,0,0,0,0
26.16,0,0,0,1,0,1,0,0,0,0
30.59,0,0,0,1,0,1,0,0,0,0
6.21,0,0,0,1,0,1,0,0,0,0
15.96,0,0,0,1,0,1,0,0,0,0
14.37,0,0,0,1,0,1,0,0,0,0
18.82,0,0,0,1,0,1,0,0,0,0
16.76,0,0,0,1,0,1,0,0,0,0
18.02,0,0,0,1,0,1,0,0,0,0
24.14,0,0,0,1,0,1,0,0,0,0
9.76,0,0,0,1,0,1,0,0,0,0
21.43,0,0,0,1,0,1,0,0,0,0
9.05,0,0,0,1,0,1,0,0,0,0
9.07,0,0,0,1,0,1,0,0,0,0
3.87,1,0,0,0,0,1,0,0,0,0
6.64,1,0,0,0,0,1,0,0,0,0
3.81,1,0,0,0,0,1,0,0,0,0
6.0,1,0,0,0,0,1,0,0,0,0
4.21,1,0,0,0,0,1,0,0,0,0
6.68,1,0,0,0,0,1,0,0,0,0
4.3,1,0,0,0,0,1,0,0,0,0
4.97,1,0,0,0,0,1,0,0,0,0
4.2,1,0,0,0,0,1,0,0,0,0
5.29,1,0,0,0,0,1,0,0,0,0
9.99,1,0,0,0,0,1,0,0,0,0
9.95,1,0,0,0,0,1,0,0,0,0
10.98,1,0,0,0,0,1,0,0,0,0
9.94,1,0,0,0,0,1,0,0,0,0
2.99,1,0,0,0,0,1,0,0,0,0
6.5,1,0,0,0,0,1,0,0,0,0
8.44,1,0,0,0,0,1,0,0,0,0
3.09,1,0,0,0,0,1,0,0,0,0
3.56,1,0,0,0,0,1,0,0,0,0
5.09,1,0,0,0,0,1,0,0,0,0
6.97,0,1,0,0,0,1,0,0,0,0
3.87,1,0,0,0,0,0,1,0,0,0
5.9,1,0,0,0,0,0,1,0,0,0
4.71,1,0,0,0,0,0,1,0,0,0
5.32,1,0,0,0,0,0,1,0,0,0
4.32,1,0,0,0,0,0,1,0,0,0
5.95,1,0,0,0,0,0,1,0,0,0
12.0,0,1,0,0,0,0,1,0,0,0
6.61,0,0,1,0,0,0,1,0,0,0
2.98,1,0,0,0,0,0,1,0,0,0
6.24,0,0,1,0,0,0,1,0,0,0
18.04,0,0,1,0,0,0,1,0,0,0
13.01,0,0,1,0,0,0,1,0,0,0
8.38,0,0,1,0,0,0,1,0,0,0
8.23,0,0,1,0,0,0,1,0,0,0
8.38,0,0,1,0,0,0,1,0,0,0
8.36,0,0,1,0,0,0,1,0,0,0
7.45,0,0,1,0,0,0,1,0,0,0
9.17,0,0,1,0,0,0,1,0,0,0
5.67,0,0,1,0,0,0,1,0,0,0
6.36,0,0,1,0,0,0,1,0,0,0
8.31,0,0,1,0,0,0,1,0,0,0
8.25,0,0,1,0,0,0,1,0,0,0
8.34,0,0,1,0,0,0,1,0,0,0
7.84,0,0,1,0,0,0,1,0,0,0
8.07,0,0,1,0,0,0,1,0,0,0
9.0,0,1,0,0,0,0,1,0,0,0
9.95,1,0,0,0,0,0,1,0,0,0
15.04,0,0,0,0,1,0,1,0,0,0
18.12,0,0,0,0,1,0,1,0,0,0
25.0,0,0,0,0,1,0,1,0,0,0
23.14,0,0,0,0,1,0,1,0,0,0
35.84,0,0,0,0,1,0,1,0,0,0
22.91,0,0,0,0,1,0,1,0,0,0
17.09,0,0,0,0,1,0,1,0,0,0
29.79,0,0,0,0,1,0,1,0,0,0
4.82,0,0,1,0,0,0,1,0,0,0
6.9,0,0,1,0,0,0,1,0,0,0
5.55,0,0,1,0,0,0,1,0,0,0
9.63,0,0,1,0,0,0,1,0,0,0
8.74,0,0,1,0,0,0,1,0,0,0
7.0,0,0,1,0,0,0,1,0,0,0
4.88,0,0,1,0,0,0,1,0,0,0
7.44,0,0,1,0,0,0,1,0,0,0
6.62,0,0,1,0,0,0,1,0,0,0
4.98,0,0,1,0,0,0,1,0,0,0
17.93,1,0,0,0,0,0,1,0,0,0
9.0,0,1,0,0,0,0,1,0,0,0
6.0,0,1,0,0,0,0,1,0,0,0
12.97,0,1,0,0,0,0,1,0,0,0
5.98,0,1,0,0,0,0,1,0,0,0
6.0,0,1,0,0,0,0,1,0,0,0
5.97,0,1,0,0,0,0,1,0,0,0
6.0,0,1,0,0,0,0,1,0,0,0
6.84,0,1,0,0,0,0,1,0,0,0
6.0,0,1,0,0,0,0,1,0,0,0
8.95,0,1,0,0,0,0,1,0,0,0
6.96,1,0,0,0,0,0,1,0,0,0
5.97,0,1,0,0,0,0,1,0,0,0
31.01,0,0,0,1,0,0,1,0,0,0
7.79,0,1,0,0,0,0,1,0,0,0
6.53,0,0,1,0,0,0,1,0,0,0
10.24,0,0,1,0,0,0,1,0,0,0
8.0,0,1,0,0,0,0,1,0,0,0
4.97,0,1,0,0,0,0,1,0,0,0
6.21,0,0,0,0,1,0,1,0,0,0
11.03,0,0,0,0,1,0,1,0,0,0
12.53,0,0,0,0,1,0,1,0,0,0
12.15,0,0,0,0,1,0,1,0,0,0
7.12,0,0,1,0,0,0,1,0,0,0
6.5,0,0,1,0,0,0,1,0,0,0
103.06,0,0,0,1,0,0,1,0,0,0
128.94,0,0,0,1,0,0,1,0,0,0
159.69,0,0,0,1,0,0,1,0,0,0
99.92,0,0,0,1,0,0,1,0,0,0
169.41,0,0,0,1,0,0,1,0,0,0
-35.18,0,0,0,1,0,0,1,0,0,0
149.1,0,0,0,1,0,0,1,0,0,0
18.52,0,0,0,1,0,0,1,0,0,0
97.15,0,0,0,1,0,0,1,0,0,0
26.14,0,0,0,1,0,0,1,0,0,0
30.95,0,0,0,1,0,0,1,0,0,0
6.23,0,0,0,1,0,0,1,0,0,0
17.27,0,0,0,1,0,0,1,0,0,0
18.01,0,0,0,1,0,0,1,0,0,0
24.16,0,0,0,1,0,0,1,0,0,0
21.41,0,0,0,1,0,0,1,0,0,0
3.82,1,0,0,0,0,0,1,0,0,0
6.66,1,0,0,0,0,0,1,0,0,0
3.82,1,0,0,0,0,0,1,0,0,0
4.2,1,0,0,0,0,0,1,0,0,0
4.22,1,0,0,0,0,0,1,0,0,0
5.3,1,0,0,0,0,0,1,0,0,0
9.86,1,0,0,0,0,0,1,0,0,0
9.97,1,0,0,0,0,0,1,0,0,0
12.39,1,0,0,0,0,0,1,0,0,0
9.96,1,0,0,0,0,0,1,0,0,0
3.0,1,0,0,0,0,0,1,0,0,0
6.39,1,0,0,0,0,0,1,0,0,0
8.5,1,0,0,0,0,0,1,0,0,0
3.08,1,0,0,0,0,0,1,0,0,0
3.56,1,0,0,0,0,0,1,0,0,0
5.09,1,0,0,0,0,0,1,0,0,0
7.0,0,1,0,0,0,0,1,0,0,0
2.51,0,0,1,0,0,0,0,1,0,0
3.86,1,0,0,0,0,0,0,1,0,0
5.99,1,0,0,0,0,0,0,1,0,0
4.71,1,0,0,0,0,0,0,1,0,0
5.29,1,0,0,0,0,0,0,1,0,0
4.37,1,0,0,0,0,0,0,1,0,0
5.9,1,0,0,0,0,0,0,1,0,0
11.97,0,1,0,0,0,0,0,1,0,0
6.61,0,0,1,0,0,0,0,1,0,0
2.98,1,0,0,0,0,0,0,1,0,0
5.96,1,0,0,0,0,0,0,1,0,0
5.88,0,1,0,0,0,0,0,1,0,0
10.6,0,0,1,0,0,0,0,1,0,0
8.36,0,0,1,0,0,0,0,1,0,0
8.33,0,0,1,0,0,0,0,1,0,0
8.35,0,0,1,0,0,0,0,1,0,0
8.35,0,0,1,0,0,0,0,1,0,0
7.49,0,0,1,0,0,0,0,1,0,0
9.17,0,0,1,0,0,0,0,1,0,0
6.39,0,0,1,0,0,0,0,1,0,0
8.37,0,0,1,0,0,0,0,1,0,0
8.35,0,0,1,0,0,0,0,1,0,0
8.37,0,0,1,0,0,0,0,1,0,0
8.36,0,0,1,0,0,0,0,1,0,0
8.97,0,1,0,0,0,0,0,1,0,0
12.99,1,0,0,0,0,0,0,1,0,0
13.16,0,0,0,0,1,0,0,1,0,0
25.94,0,0,0,0,1,0,0,1,0,0
11.01,0,0,0,0,1,0,0,1,0,0
26.1,0,0,0,0,1,0,0,1,0,0
8.1,0,0,0,0,1,0,0,1,0,0
15.04,0,0,0,0,1,0,0,1,0,0
18.16,0,0,0,0,1,0,0,1,0,0
10.68,0,0,0,0,1,0,0,1,0,0
19.95,0,0,0,0,1,0,0,1,0,0
22.9,0,0,0,0,1,0,0,1,0,0
35.95,0,0,0,0,1,0,0,1,0,0
22.96,0,0,0,0,1,0,0,1,0,0
29.7,0,0,0,0,1,0,0,1,0,0
7.25,0,0,1,0,0,0,0,1,0,0
9.64,0,0,1,0,0,0,0,1,0,0
8.7,0,0,1,0,0,0,0,1,0,0
6.99,0,0,1,0,0,0,0,1,0,0
4.88,0,0,1,0,0,0,0,1,0,0
7.42,0,0,1,0,0,0,0,1,0,0
6.32,0,0,1,0,0,0,0,1,0,0
17.99,1,0,0,0,0,0,0,1,0,0
9.0,0,1,0,0,0,0,0,1,0,0
6.0,0,1,0,0,0,0,0,1,0,0
13.0,0,1,0,0,0,0,0,1,0,0
6.0,0,1,0,0,0,0,0,1,0,0
6.0,0,1,0,0,0,0,0,1,0,0
6.0,0,1,0,0,0,0,0,1,0,0
5.98,0,1,0,0,0,0,0,1,0,0
7.0,0,1,0,0,0,0,0,1,0,0
5.99,0,1,0,0,0,0,0,1,0,0
8.96,0,1,0,0,0,0,0,1,0,0
16.14,0,0,0,1,0,0,0,1,0,0
6.97,1,0,0,0,0,0,0,1,0,0
5.95,0,1,0,0,0,0,0,1,0,0
5.32,0,0,1,0,0,0,0,1,0,0
6.51,0,0,1,0,0,0,0,1,0,0
7.07,0,0,1,0,0,0,0,1,0,0
10.18,0,0,1,0,0,0,0,1,0,0
10.29,0,0,1,0,0,0,0,1,0,0
8.0,0,1,0,0,0,0,0,1,0,0
6.28,0,0,0,0,1,0,0,1,0,0
11.04,0,0,0,0,1,0,0,1,0,0
12.05,0,0,0,0,1,0,0,1,0,0
13.77,0,0,0,0,1,0,0,1,0,0
7.11,0,0,1,0,0,0,0,1,0,0
6.49,0,0,1,0,0,0,0,1,0,0
9.0,0,1,0,0,0,0,0,1,0,0
98.48,0,0,0,1,0,0,0,1,0,0
89.62,0,0,0,1,0,0,0,1,0,0
119.9,0,0,0,1,0,0,0,1,0,0
159.22,0,0,0,1,0,0,0,1,0,0
99.69,0,0,0,1,0,0,0,1,0,0
9.0,0,0,0,1,0,0,0,1,0,0
10.06,0,0,0,1,0,0,0,1,0,0
29.33,0,0,0,1,0,0,0,1,0,0
30.75,0,0,0,1,0,0,0,1,0,0
5.45,0,0,0,1,0,0,0,1,0,0
6.23,0,0,0,1,0,0,0,1,0,0
14.38,0,0,0,1,0,0,0,1,0,0
18.85,0,0,0,1,0,0,0,1,0,0
17.18,0,0,0,1,0,0,0,1,0,0
24.14,0,0,0,1,0,0,0,1,0,0
9.04,0,0,0,1,0,0,0,1,0,0
9.07,0,0,0,1,0,0,0,1,0,0
3.86,1,0,0,0,0,0,0,1,0,0
6.62,1,0,0,0,0,0,0,1,0,0
3.79,1,0,0,0,0,0,0,1,0,0
4.21,1,0,0,0,0,0,0,1,0,0
4.96,1,0,0,0,0,0,0,1,0,0
4.12,1,0,0,0,0,0,0,1,0,0
5.28,1,0,0,0,0,0,0,1,0,0
10.0,1,0,0,0,0,0,0,1,0,0
9.8,1,0,0,0,0,0,0,1,0,0
15.25,1,0,0,0,0,0,0,1,0,0
9.95,1,0,0,0,0,0,0,1,0,0
3.0,1,0,0,0,0,0,0,1,0,0
6.5,1,0,0,0,0,0,0,1,0,0
8.31,1,0,0,0,0,0,0,1,0,0
3.1,1,0,0,0,0,0,0,1,0,0
3.56,1,0,0,0,0,0,0,1,0,0
5.06,1,0,0,0,0,0,0,1,0,0
6.96,0,1,0,0,0,0,0,1,0,0
3.86,1,0,0,0,0,0,0,0,1,0
8.06,1,0,0,0,0,0,0,0,1,0
5.98,1,0,0,0,0,0,0,0,1,0
4.71,1,0,0,0,0,0,0,0,1,0
7.66,1,0,0,0,0,0,0,0,1,0
5.31,1,0,0,0,0,0,0,0,1,0
4.35,1,0,0,0,0,0,0,0,1,0
6.48,1,0,0,0,0,0,0,0,1,0
3.91,1,0,0,0,0,0,0,0,1,0
6.0,1,0,0,0,0,0,0,0,1,0
11.95,0,1,0,0,0,0,0,0,1,0
6.49,0,0,1,0,0,0,0,0,1,0
2.97,1,0,0,0,0,0,0,0,1,0
6.0,1,0,0,0,0,0,0,0,1,0
4.45,1,0,0,0,0,0,0,0,1,0
17.73,0,0,1,0,0,0,0,0,1,0
4.12,0,0,1,0,0,0,0,0,1,0
8.3,0,0,1,0,0,0,0,0,1,0
13.56,0,0,1,0,0,0,0,0,1,0
8.31,0,0,1,0,0,0,0,0,1,0
7.4,0,0,1,0,0,0,0,0,1,0
9.19,0,0,1,0,0,0,0,0,1,0
5.9,0,0,1,0,0,0,0,0,1,0
5.73,0,0,1,0,0,0,0,0,1,0
6.35,0,0,1,0,0,0,0,0,1,0
8.31,0,0,1,0,0,0,0,0,1,0
8.37,0,0,1,0,0,0,0,0,1,0
8.32,0,0,1,0,0,0,0,0,1,0
8.37,0,0,1,0,0,0,0,0,1,0
8.32,0,0,1,0,0,0,0,0,1,0
8.31,0,0,1,0,0,0,0,0,1,0
8.8,0,0,0,0,1,0,0,0,1,0
20.94,0,0,0,0,1,0,0,0,1,0
12.07,0,0,0,0,1,0,0,0,1,0
18.11,0,0,0,0,1,0,0,0,1,0
7.97,0,0,0,0,1,0,0,0,1,0
19.94,0,0,0,0,1,0,0,0,1,0
23.14,0,0,0,0,1,0,0,0,1,0
35.94,0,0,0,0,1,0,0,0,1,0
22.91,0,0,0,0,1,0,0,0,1,0
29.0,0,0,0,0,1,0,0,0,1,0
17.1,0,0,0,0,1,0,0,0,1,0
7.35,0,0,1,0,0,0,0,0,1,0
5.54,0,0,1,0,0,0,0,0,1,0
9.58,0,0,1,0,0,0,0,0,1,0
8.75,0,0,1,0,0,0,0,0,1,0
6.98,0,0,1,0,0,0,0,0,1,0
4.84,0,0,1,0,0,0,0,0,1,0
17.83,0,0,1,0,0,0,0,0,1,0
7.45,0,0,1,0,0,0,0,0,1,0
5.1,0,0,1,0,0,0,0,0,1,0
6.28,0,0,1,0,0,0,0,0,1,0
6.25,0,0,1,0,0,0,0,0,1,0
8.94,0,1,0,0,0,0,0,0,1,0
5.96,0,1,0,0,0,0,0,0,1,0
5.97,0,1,0,0,0,0,0,0,1,0
13.0,0,1,0,0,0,0,0,0,1,0
6.0,0,1,0,0,0,0,0,0,1,0
5.97,0,1,0,0,0,0,0,0,1,0
5.93,0,1,0,0,0,0,0,0,1,0
6.97,0,1,0,0,0,0,0,0,1,0
6.0,0,1,0,0,0,0,0,0,1,0
10.09,0,1,0,0,0,0,0,0,1,0
8.99,0,1,0,0,0,0,0,0,1,0
5.99,0,1,0,0,0,0,0,0,1,0
9.0,0,1,0,0,0,0,0,0,1,0
7.84,0,1,0,0,0,0,0,0,1,0
6.46,0,0,1,0,0,0,0,0,1,0
22.68,0,0,0,0,1,0,0,0,1,0
10.2,0,0,1,0,0,0,0,0,1,0
7.98,0,1,0,0,0,0,0,0,1,0
6.25,0,0,0,0,1,0,0,0,1,0
11.03,0,0,0,0,1,0,0,0,1,0
12.13,0,0,0,0,1,0,0,0,1,0
9.27,0,0,0,0,1,0,0,0,1,0
7.13,0,0,1,0,0,0,0,0,1,0
9.0,0,1,0,0,0,0,0,0,1,0
29.36,0,0,0,1,0,0,0,0,1,0
99.71,0,0,0,1,0,0,0,0,1,0
129.67,0,0,0,1,0,0,0,0,1,0
69.55,0,0,0,1,0,0,0,0,1,0
159.54,0,0,0,1,0,0,0,0,1,0
99.62,0,0,0,1,0,0,0,0,1,0
147.86,0,0,0,1,0,0,0,0,1,0
18.58,0,0,0,1,0,0,0,0,1,0
30.92,0,0,0,1,0,0,0,0,1,0
15.93,0,0,0,1,0,0,0,0,1,0
18.71,0,0,0,1,0,0,0,0,1,0
17.21,0,0,0,1,0,0,0,0,1,0
17.96,0,0,0,1,0,0,0,0,1,0
9.96,1,0,0,0,0,0,0,0,1,0
8.05,1,0,0,0,0,0,0,0,1,0
3.85,1,0,0,0,0,0,0,0,1,0
6.66,1,0,0,0,0,0,0,0,1,0
3.8,1,0,0,0,0,0,0,0,1,0
4.22,1,0,0,0,0,0,0,0,1,0
4.28,1,0,0,0,0,0,0,0,1,0
7.38,1,0,0,0,0,0,0,0,1,0
4.98,1,0,0,0,0,0,0,0,1,0
4.18,1,0,0,0,0,0,0,0,1,0
5.21,1,0,0,0,0,0,0,0,1,0
9.95,1,0,0,0,0,0,0,0,1,0
9.98,1,0,0,0,0,0,0,0,1,0
13.1,1,0,0,0,0,0,0,0,1,0
2.98,1,0,0,0,0,0,0,0,1,0
6.48,1,0,0,0,0,0,0,0,1,0
7.01,1,0,0,0,0,0,0,0,1,0
8.35,1,0,0,0,0,0,0,0,1,0
3.1,1,0,0,0,0,0,0,0,1,0
3.56,1,0,0,0,0,0,0,0,1,0
5.07,1,0,0,0,0,0,0,0,1,0
6.94,0,1,0,0,0,0,0,0,1,0
3.86,1,0,0,0,0,0,0,0,0,1
8.08,1,0,0,0,0,0,0,0,0,1
5.98,1,0,0,0,0,0,0,0,0,1
4.71,1,0,0,0,0,0,0,0,0,1
5.32,1,0,0,0,0,0,0,0,0,1
4.38,1,0,0,0,0,0,0,0,0,1
3.94,1,0,0,0,0,0,0,0,0,1
5.99,1,0,0,0,0,0,0,0,0,1
2.97,1,0,0,0,0,0,0,0,0,1
5.97,1,0,0,0,0,0,0,0,0,1
7.44,1,0,0,0,0,0,0,0,0,1
5.98,0,1,0,0,0,0,0,0,0,1
10.6,0,0,1,0,0,0,0,0,0,1
17.99,0,0,1,0,0,0,0,0,0,1
8.3,0,0,1,0,0,0,0,0,0,1
8.32,0,0,1,0,0,0,0,0,0,1
7.37,0,0,1,0,0,0,0,0,0,1
8.3,0,0,1,0,0,0,0,0,0,1
7.5,0,0,1,0,0,0,0,0,0,1
9.12,0,0,1,0,0,0,0,0,0,1
5.91,0,0,1,0,0,0,0,0,0,1
6.41,0,0,1,0,0,0,0,0,0,1
8.34,0,0,1,0,0,0,0,0,0,1
8.37,0,0,1,0,0,0,0,0,0,1
7.22,0,0,1,0,0,0,0,0,0,1
8.95,1,0,0,0,0,0,0,0,0,1
10.87,0,0,0,0,1,0,0,0,0,1
10.63,0,0,0,0,1,0,0,0,0,1
18.21,0,0,0,0,1,0,0,0,0,1
10.74,0,0,0,0,1,0,0,0,0,1
5.09,0,0,0,0,1,0,0,0,0,1
19.87,0,0,0,0,1,0,0,0,0,1
29.78,0,0,0,0,1,0,0,0,0,1
11.22,0,0,0,1,0,0,0,0,0,1
4.82,0,0,1,0,0,0,0,0,0,1
6.94,0,0,1,0,0,0,0,0,0,1
8.76,0,0,1,0,0,0,0,0,0,1
6.97,0,0,1,0,0,0,0,0,0,1
4.86,0,0,1,0,0,0,0,0,0,1
7.4,0,0,1,0,0,0,0,0,0,1
17.94,1,0,0,0,0,0,0,0,0,1
8.98,0,1,0,0,0,0,0,0,0,1
6.0,0,1,0,0,0,0,0,0,0,1
6.0,0,1,0,0,0,0,0,0,0,1
6.0,0,1,0,0,0,0,0,0,0,1
13.0,0,1,0,0,0,0,0,0,0,1
6.0,0,1,0,0,0,0,0,0,0,1
5.99,0,1,0,0,0,0,0,0,0,1
5.99,0,1,0,0,0,0,0,0,0,1
5.99,0,1,0,0,0,0,0,0,0,1
6.0,0,1,0,0,0,0,0,0,0,1
6.98,0,1,0,0,0,0,0,0,0,1
7.0,0,1,0,0,0,0,0,0,0,1
6.0,0,1,0,0,0,0,0,0,0,1
9.0,0,1,0,0,0,0,0,0,0,1
21.57,0,0,0,1,0,0,0,0,0,1
10.25,0,0,0,1,0,0,0,0,0,1
5.98,0,1,0,0,0,0,0,0,0,1
110.77,0,0,0,1,0,0,0,0,0,1
7.97,0,1,0,0,0,0,0,0,0,1
7.01,0,0,1,0,0,0,0,0,0,1
10.22,0,0,1,0,0,0,0,0,0,1
4.89,0,1,0,0,0,0,0,0,0,1
6.25,0,0,0,0,1,0,0,0,0,1
11.04,0,0,0,0,1,0,0,0,0,1
10.39,0,0,0,0,1,0,0,0,0,1
20.32,0,0,0,0,1,0,0,0,0,1
11.9,0,0,0,0,1,0,0,0,0,1
9.39,0,0,0,0,1,0,0,0,0,1
13.7,0,0,0,0,1,0,0,0,0,1
7.1,0,0,1,0,0,0,0,0,0,1
9.0,0,1,0,0,0,0,0,0,0,1
12.19,0,0,0,0,1,0,0,0,0,1
22.99,0,0,0,0,1,0,0,0,0,1
99.9,0,0,0,1,0,0,0,0,0,1
169.97,0,0,0,1,0,0,0,0,0,1
70.26,0,0,0,1,0,0,0,0,0,1
89.69,0,0,0,1,0,0,0,0,0,1
119.36,0,0,0,1,0,0,0,0,0,1
159.55,0,0,0,1,0,0,0,0,0,1
169.3,0,0,0,1,0,0,0,0,0,1
149.93,0,0,0,1,0,0,0,0,0,1
4.74,0,0,0,1,0,0,0,0,0,1
9.0,0,0,0,1,0,0,0,0,0,1
84.78,0,0,0,1,0,0,0,0,0,1
119.72,0,0,0,1,0,0,0,0,0,1
30.92,0,0,0,1,0,0,0,0,0,1
5.44,0,0,0,1,0,0,0,0,0,1
18.67,0,0,0,1,0,0,0,0,0,1
17.22,0,0,0,1,0,0,0,0,0,1
18.09,0,0,0,1,0,0,0,0,0,1
21.34,0,0,0,1,0,0,0,0,0,1
7.78,1,0,0,0,0,0,0,0,0,1
7.39,1,0,0,0,0,0,0,0,0,1
3.86,1,0,0,0,0,0,0,0,0,1
6.65,1,0,0,0,0,0,0,0,0,1
3.81,1,0,0,0,0,0,0,0,0,1
5.98,1,0,0,0,0,0,0,0,0,1
4.22,1,0,0,0,0,0,0,0,0,1
4.29,1,0,0,0,0,0,0,0,0,1
8.0,1,0,0,0,0,0,0,0,0,1
4.97,1,0,0,0,0,0,0,0,0,1
4.12,1,0,0,0,0,0,0,0,0,1
5.3,1,0,0,0,0,0,0,0,0,1
9.98,1,0,0,0,0,0,0,0,0,1
10.0,1,0,0,0,0,0,0,0,0,1
10.97,1,0,0,0,0,0,0,0,0,1
9.95,1,0,0,0,0,0,0,0,0,1
2.95,1,0,0,0,0,0,0,0,0,1
8.38,1,0,0,0,0,0,0,0,0,1
3.07,1,0,0,0,0,0,0,0,0,1
3.52,1,0,0,0,0,0,0,0,0,1
5.07,1,0,0,0,0,0,0,0,0,1
6.98,0,1,0,0,0,0,0,0,0,1
3.85,1,0,0,0,0,1,0,0,0,0
8.08,1,0,0,0,0,1,0,0,0,0
4.7,1,0,0,0,0,1,0,0,0,0
7.68,1,0,0,0,0,1,0,0,0,0
5.3,1,0,0,0,0,1,0,0,0,0
4.78,1,0,0,0,0,1,0,0,0,0
4.36,1,0,0,0,0,1,0,0,0,0
6.47,1,0,0,0,0,1,0,0,0,0
3.94,1,0,0,0,0,1,0,0,0,0
11.92,0,1,0,0,0,1,0,0,0,0
6.61,0,0,1,0,0,1,0,0,0,0
2.99,1,0,0,0,0,1,0,0,0,0
5.98,1,0,0,0,0,1,0,0,0,0
4.5,1,0,0,0,0,1,0,0,0,0
7.45,1,0,0,0,0,1,0,0,0,0
5.98,0,1,0,0,0,1,0,0,0,0
7.68,0,0,1,0,0,1,0,0,0,0
8.33,0,0,1,0,0,1,0,0,0,0
8.29,0,0,1,0,0,1,0,0,0,0
8.18,0,0,1,0,0,1,0,0,0,0
8.38,0,0,1,0,0,1,0,0,0,0
10.02,0,0,1,0,0,1,0,0,0,0
10.02,0,0,1,0,0,1,0,0,0,0
6.12,0,0,1,0,0,1,0,0,0,0
7.49,0,0,1,0,0,1,0,0,0,0
9.17,0,0,1,0,0,1,0,0,0,0
5.72,0,0,1,0,0,1,0,0,0,0
6.35,0,0,1,0,0,1,0,0,0,0
8.33,0,0,1,0,0,1,0,0,0,0
8.3,0,0,1,0,0,1,0,0,0,0
8.32,0,0,1,0,0,1,0,0,0,0
8.33,0,0,1,0,0,1,0,0,0,0
7.19,0,0,1,0,0,1,0,0,0,0
6.21,0,0,1,0,0,1,0,0,0,0
8.96,1,0,0,0,0,1,0,0,0,0
10.76,0,0,0,0,1,1,0,0,0,0
26.07,0,0,0,0,1,1,0,0,0,0
18.01,0,0,0,0,1,1,0,0,0,0
11.02,0,0,0,0,1,1,0,0,0,0
25.87,0,0,0,0,1,1,0,0,0,0
18.14,0,0,0,0,1,1,0,0,0,0
18.18,0,0,0,0,1,1,0,0,0,0
10.75,0,0,0,0,1,1,0,0,0,0
19.83,0,0,0,0,1,1,0,0,0,0
23.13,0,0,0,0,1,1,0,0,0,0
22.89,0,0,0,0,1,1,0,0,0,0
19.7,0,0,0,0,1,1,0,0,0,0
29.77,0,0,0,0,1,1,0,0,0,0
4.78,0,0,1,0,0,1,0,0,0,0
7.28,0,0,1,0,0,1,0,0,0,0
6.9,0,0,1,0,0,1,0,0,0,0
5.55,0,0,1,0,0,1,0,0,0,0
9.62,0,0,1,0,0,1,0,0,0,0
8.7,0,0,1,0,0,1,0,0,0,0
6.98,0,0,1,0,0,1,0,0,0,0
4.85,0,0,1,0,0,1,0,0,0,0
17.75,0,0,1,0,0,1,0,0,0,0
7.38,0,0,1,0,0,1,0,0,0,0
5.14,0,0,1,0,0,1,0,0,0,0
6.32,0,0,1,0,0,1,0,0,0,0
10.48,0,0,1,0,0,1,0,0,0,0
6.54,0,0,1,0,0,1,0,0,0,0
4.98,0,0,1,0,0,1,0,0,0,0
29.72,0,0,0,1,0,1,0,0,0,0
17.74,1,0,0,0,0,1,0,0,0,0
8.92,0,1,0,0,0,1,0,0,0,0
5.99,0,1,0,0,0,1,0,0,0,0
5.98,0,1,0,0,0,1,0,0,0,0
12.99,0,1,0,0,0,1,0,0,0,0
6.0,0,1,0,0,0,1,0,0,0,0
5.99,0,1,0,0,0,1,0,0,0,0
5.99,0,1,0,0,0,1,0,0,0,0
6.99,0,1,0,0,0,1,0,0,0,0
6.0,0,1,0,0,0,1,0,0,0,0
6.0,0,1,0,0,0,1,0,0,0,0
10.07,0,1,0,0,0,1,0,0,0,0
8.99,0,1,0,0,0,1,0,0,0,0
5.98,0,1,0,0,0,1,0,0,0,0
31.96,0,0,0,1,0,1,0,0,0,0
6.24,0,0,0,1,0,1,0,0,0,0
5.34,0,0,1,0,0,1,0,0,0,0
6.37,0,1,0,0,0,1,0,0,0,0
8.0,0,1,0,0,0,1,0,0,0,0
7.07,0,0,1,0,0,1,0,0,0,0
19.55,0,0,0,0,1,1,0,0,0,0
15.86,0,0,0,0,1,1,0,0,0,0
10.24,0,0,1,0,0,1,0,0,0,0
12.66,0,0,1,0,0,1,0,0,0,0
7.98,0,1,0,0,0,1,0,0,0,0
5.0,0,1,0,0,0,1,0,0,0,0
6.24,0,0,0,0,1,1,0,0,0,0
11.03,0,0,0,0,1,1,0,0,0,0
10.34,0,0,0,0,1,1,0,0,0,0
17.17,0,0,0,0,1,1,0,0,0,0
12.13,0,0,0,0,1,1,0,0,0,0
9.35,0,0,0,0,1,1,0,0,0,0
13.75,0,0,0,0,1,1,0,0,0,0
7.09,0,0,1,0,0,1,0,0,0,0
6.36,0,0,1,0,0,1,0,0,0,0
8.99,0,1,0,0,0,1,0,0,0,0
98.24,0,0,0,1,0,1,0,0,0,0
99.64,0,0,0,1,0,1,0,0,0,0
112.21,0,0,0,1,0,1,0,0,0,0
9.08,0,0,0,1,0,1,0,0,0,0
139.6,0,0,0,1,0,1,0,0,0,0
98.86,0,0,0,1,0,1,0,0,0,0
159.57,0,0,0,1,0,1,0,0,0,0
148.67,0,0,0,1,0,1,0,0,0,0
4.92,0,0,0,1,0,1,0,0,0,0
144.64,0,0,0,1,0,1,0,0,0,0
84.37,0,0,0,1,0,1,0,0,0,0
209.3,0,0,0,1,0,1,0,0,0,0
119.43,0,0,0,1,0,1,0,0,0,0
30.58,0,0,0,1,0,1,0,0,0,0
10.56,0,0,0,1,0,1,0,0,0,0
18.64,0,0,0,1,0,1,0,0,0,0
20.59,0,0,0,1,0,1,0,0,0,0
30.8,0,0,0,1,0,1,0,0,0,0
5.46,0,0,0,1,0,1,0,0,0,0
4.39,0,0,0,1,0,1,0,0,0,0
10.26,0,0,0,1,0,1,0,0,0,0
5.76,0,0,0,1,0,1,0,0,0,0
10.26,0,0,0,1,0,1,0,0,0,0
6.04,0,0,0,1,0,1,0,0,0,0
5.76,0,0,0,1,0,1,0,0,0,0
5.76,0,0,0,1,0,1,0,0,0,0
18.78,0,0,0,1,0,1,0,0,0,0
17.22,0,0,0,1,0,1,0,0,0,0
17.99,0,0,0,1,0,1,0,0,0,0
24.21,0,0,0,1,0,1,0,0,0,0
12.28,0,0,0,1,0,1,0,0,0,0
20.66,0,0,0,1,0,1,0,0,0,0
9.07,0,0,0,1,0,1,0,0,0,0
9.05,0,0,0,1,0,1,0,0,0,0
9.97,1,0,0,0,0,1,0,0,0,0
8.06,1,0,0,0,0,1,0,0,0,0
7.77,1,0,0,0,0,1,0,0,0,0
6.99,1,0,0,0,0,1,0,0,0,0
6.63,1,0,0,0,0,1,0,0,0,0
3.8,1,0,0,0,0,1,0,0,0,0
5.98,1,0,0,0,0,1,0,0,0,0
4.2,1,0,0,0,0,1,0,0,0,0
6.67,1,0,0,0,0,1,0,0,0,0
4.26,1,0,0,0,0,1,0,0,0,0
7.4,1,0,0,0,0,1,0,0,0,0
7.99,1,0,0,0,0,1,0,0,0,0
4.95,1,0,0,0,0,1,0,0,0,0
4.23,1,0,0,0,0,1,0,0,0,0
5.26,1,0,0,0,0,1,0,0,0,0
9.98,1,0,0,0,0,1,0,0,0,0
9.97,1,0,0,0,0,1,0,0,0,0
11.31,1,0,0,0,0,1,0,0,0,0
9.99,1,0,0,0,0,1,0,0,0,0
2.97,1,0,0,0,0,1,0,0,0,0
6.86,1,0,0,0,0,1,0,0,0,0
8.5,1,0,0,0,0,1,0,0,0,0
3.08,1,0,0,0,0,1,0,0,0,0
3.56,1,0,0,0,0,1,0,0,0,0
5.09,1,0,0,0,0,1,0,0,0,0
6.91,0,1,0,0,0,1,0,0,0,0
3.82,1,0,0,0,0,0,1,0,0,0
5.95,1,0,0,0,0,0,1,0,0,0
4.71,1,0,0,0,0,0,1,0,0,0
5.28,1,0,0,0,0,0,1,0,0,0
4.37,1,0,0,0,0,0,1,0,0,0
5.98,1,0,0,0,0,0,1,0,0,0
12.0,0,1,0,0,0,0,1,0,0,0
2.98,1,0,0,0,0,0,1,0,0,0
6.0,0,1,0,0,0,0,1,0,0,0
7.72,0,0,1,0,0,0,1,0,0,0
9.52,0,0,1,0,0,0,1,0,0,0
14.91,0,0,1,0,0,0,1,0,0,0
8.38,0,0,1,0,0,0,1,0,0,0
8.25,0,0,1,0,0,0,1,0,0,0
6.34,0,0,1,0,0,0,1,0,0,0
8.32,0,0,1,0,0,0,1,0,0,0
6.18,0,0,1,0,0,0,1,0,0,0
7.49,0,0,1,0,0,0,1,0,0,0
6.39,0,0,1,0,0,0,1,0,0,0
8.27,0,0,1,0,0,0,1,0,0,0
8.37,0,0,1,0,0,0,1,0,0,0
8.37,0,0,1,0,0,0,1,0,0,0
8.35,0,0,1,0,0,0,1,0,0,0
8.98,0,1,0,0,0,0,1,0,0,0
9.0,1,0,0,0,0,0,1,0,0,0
20.99,0,0,0,0,1,0,1,0,0,0
10.89,0,0,0,0,1,0,1,0,0,0
18.69,0,0,0,0,1,0,1,0,0,0
18.18,0,0,0,0,1,0,1,0,0,0
10.73,0,0,0,0,1,0,1,0,0,0
19.95,0,0,0,0,1,0,1,0,0,0
17.06,0,0,0,0,1,0,1,0,0,0
29.62,0,0,0,0,1,0,1,0,0,0
5.52,0,0,1,0,0,0,1,0,0,0
9.68,0,0,1,0,0,0,1,0,0,0
8.76,0,0,1,0,0,0,1,0,0,0
6.97,0,0,1,0,0,0,1,0,0,0
4.87,0,0,1,0,0,0,1,0,0,0
7.46,0,0,1,0,0,0,1,0,0,0
6.62,0,0,1,0,0,0,1,0,0,0
5.09,0,0,1,0,0,0,1,0,0,0
6.32,0,0,1,0,0,0,1,0,0,0
6.32,0,0,1,0,0,0,1,0,0,0
4.93,0,0,1,0,0,0,1,0,0,0
18.0,1,0,0,0,0,0,1,0,0,0
6.0,0,1,0,0,0,0,1,0,0,0
5.99,0,1,0,0,0,0,1,0,0,0
13.0,0,1,0,0,0,0,1,0,0,0
5.97,0,1,0,0,0,0,1,0,0,0
6.0,0,1,0,0,0,0,1,0,0,0
6.0,0,1,0,0,0,0,1,0,0,0
6.96,0,1,0,0,0,0,1,0,0,0
5.99,0,1,0,0,0,0,1,0,0,0
6.94,1,0,0,0,0,0,1,0,0,0
6.0,0,1,0,0,0,0,1,0,0,0
10.84,0,0,0,0,1,0,1,0,0,0
10.21,0,0,1,0,0,0,1,0,0,0
7.96,0,1,0,0,0,0,1,0,0,0
6.26,0,0,0,0,1,0,1,0,0,0
11.02,0,0,0,0,1,0,1,0,0,0
16.41,0,0,0,0,1,0,1,0,0,0
12.16,0,0,0,0,1,0,1,0,0,0
13.54,0,0,0,0,1,0,1,0,0,0
7.1,0,0,1,0,0,0,1,0,0,0
6.54,0,0,1,0,0,0,1,0,0,0
9.0,0,1,0,0,0,0,1,0,0,0
5.08,0,0,0,0,1,0,1,0,0,0
84.55,0,0,0,1,0,0,1,0,0,0
99.56,0,0,0,1,0,0,1,0,0,0
9.52,0,0,0,1,0,0,1,0,0,0
159.49,0,0,0,1,0,0,1,0,0,0
99.86,0,0,0,1,0,0,1,0,0,0
36.86,0,0,0,1,0,0,1,0,0,0
149.4,0,0,0,1,0,0,1,0,0,0
84.78,0,0,0,1,0,0,1,0,0,0
18.53,0,0,0,1,0,0,1,0,0,0
29.37,0,0,0,1,0,0,1,0,0,0
31.0,0,0,0,1,0,0,1,0,0,0
4.41,0,0,0,1,0,0,1,0,0,0
18.85,0,0,0,1,0,0,1,0,0,0
17.25,0,0,0,1,0,0,1,0,0,0
18.04,0,0,0,1,0,0,1,0,0,0
12.33,0,0,0,1,0,0,1,0,0,0
3.86,1,0,0,0,0,0,1,0,0,0
6.59,1,0,0,0,0,0,1,0,0,0
3.79,1,0,0,0,0,0,1,0,0,0
4.22,1,0,0,0,0,0,1,0,0,0
4.98,1,0,0,0,0,0,1,0,0,0
4.02,1,0,0,0,0,0,1,0,0,0
5.23,1,0,0,0,0,0,1,0,0,0
10.0,1,0,0,0,0,0,1,0,0,0
9.96,1,0,0,0,0,0,1,0,0,0
12.93,1,0,0,0,0,0,1,0,0,0
9.92,1,0,0,0,0,0,1,0,0,0
2.99,1,0,0,0,0,0,1,0,0,0
6.44,1,0,0,0,0,0,1,0,0,0
3.08,1,0,0,0,0,0,1,0,0,0
3.55,1,0,0,0,0,0,1,0,0,0
5.06,1,0,0,0,0,0,1,0,0,0
6.93,0,1,0,0,0,0,1,0,0,0
3.87,1,0,0,0,0,0,0,1,0,0
4.7,1,0,0,0,0,0,0,1,0,0
5.31,1,0,0,0,0,0,0,1,0,0
4.35,1,0,0,0,0,0,0,1,0,0
3.94,1,0,0,0,0,0,0,1,0,0
5.88,1,0,0,0,0,0,0,1,0,0
12.0,0,1,0,0,0,0,0,1,0,0
2.98,1,0,0,0,0,0,0,1,0,0
5.98,0,1,0,0,0,0,0,1,0,0
18.02,0,0,1,0,0,0,0,1,0,0
14.75,0,0,1,0,0,0,0,1,0,0
8.36,0,0,1,0,0,0,0,1,0,0
8.38,0,0,1,0,0,0,0,1,0,0
8.28,0,0,1,0,0,0,0,1,0,0
7.1,0,0,1,0,0,0,0,1,0,0
8.38,0,0,1,0,0,0,0,1,0,0
7.5,0,0,1,0,0,0,0,1,0,0
9.19,0,0,1,0,0,0,0,1,0,0
6.42,0,0,1,0,0,0,0,1,0,0
8.35,0,0,1,0,0,0,0,1,0,0
8.37,0,0,1,0,0,0,0,1,0,0
6.22,0,0,1,0,0,0,0,1,0,0
9.0,1,0,0,0,0,0,0,1,0,0
20.47,0,0,0,0,1,0,0,1,0,0
19.87,0,0,0,0,1,0,0,1,0,0
23.12,0,0,0,0,1,0,0,1,0,0
22.9,0,0,0,0,1,0,0,1,0,0
7.3,0,0,1,0,0,0,0,1,0,0
6.82,0,0,1,0,0,0,0,1,0,0
9.62,0,0,1,0,0,0,0,1,0,0
8.75,0,0,1,0,0,0,0,1,0,0
6.99,0,0,1,0,0,0,0,1,0,0
4.88,0,0,1,0,0,0,0,1,0,0
20.5,0,0,1,0,0,0,0,1,0,0
17.9,0,0,1,0,0,0,0,1,0,0
6.62,0,0,1,0,0,0,0,1,0,0
5.09,0,0,1,0,0,0,0,1,0,0
4.96,0,0,1,0,0,0,0,1,0,0
8.97,0,1,0,0,0,0,0,1,0,0
5.94,0,1,0,0,0,0,0,1,0,0
5.96,0,1,0,0,0,0,0,1,0,0
13.0,0,1,0,0,0,0,0,1,0,0
5.97,0,1,0,0,0,0,0,1,0,0
5.96,0,1,0,0,0,0,0,1,0,0
5.99,0,1,0,0,0,0,0,1,0,0
6.98,0,1,0,0,0,0,0,1,0,0
6.0,0,1,0,0,0,0,0,1,0,0
8.99,0,1,0,0,0,0,0,1,0,0
5.96,0,1,0,0,0,0,0,1,0,0
6.35,0,1,0,0,0,0,0,1,0,0
7.96,0,1,0,0,0,0,0,1,0,0
6.45,0,0,1,0,0,0,0,1,0,0
7.04,0,0,1,0,0,0,0,1,0,0
10.26,0,0,1,0,0,0,0,1,0,0
10.26,0,0,1,0,0,0,0,1,0,0
6.26,0,0,0,0,1,0,0,1,0,0
11.04,0,0,0,0,1,0,0,1,0,0
6.54,0,0,1,0,0,0,0,1,0,0
9.0,0,1,0,0,0,0,0,1,0,0
84.12,0,0,0,1,0,0,0,1,0,0
37.4,0,0,0,1,0,0,0,1,0,0
139.14,0,0,0,1,0,0,0,1,0,0
144.29,0,0,0,1,0,0,0,1,0,0
20.15,0,0,0,1,0,0,0,1,0,0
6.05,0,0,0,1,0,0,0,1,0,0
30.89,0,0,0,1,0,0,0,1,0,0
10.16,0,0,0,1,0,0,0,1,0,0
6.26,0,0,0,1,0,0,0,1,0,0
5.72,0,0,0,1,0,0,0,1,0,0
17.05,0,0,0,1,0,0,0,1,0,0
12.33,0,0,0,1,0,0,0,1,0,0
20.59,0,0,0,1,0,0,0,1,0,0
3.76,1,0,0,0,0,0,0,1,0,0
5.95,1,0,0,0,0,0,0,1,0,0
4.21,1,0,0,0,0,0,0,1,0,0
4.98,1,0,0,0,0,0,0,1,0,0
4.21,1,0,0,0,0,0,0,1,0,0
5.27,1,0,0,0,0,0,0,1,0,0
9.92,1,0,0,0,0,0,0,1,0,0
12.98,1,0,0,0,0,0,0,1,0,0
2.99,1,0,0,0,0,0,0,1,0,0
3.08,1,0,0,0,0,0,0,1,0,0
3.55,1,0,0,0,0,0,0,1,0,0
5.09,1,0,0,0,0,0,0,1,0,0
3.86,1,0,0,0,0,0,0,0,1,0
8.01,1,0,0,0,0,0,0,0,1,0
4.71,1,0,0,0,0,0,0,0,1,0
7.66,1,0,0,0,0,0,0,0,1,0
5.3,1,0,0,0,0,0,0,0,1,0
4.8,1,0,0,0,0,0,0,0,1,0
6.49,1,0,0,0,0,0,0,0,1,0
3.96,1,0,0,0,0,0,0,0,1,0
6.6,0,0,1,0,0,0,0,0,1,0
2.98,1,0,0,0,0,0,0,0,1,0
5.94,1,0,0,0,0,0,0,0,1,0
7.49,1,0,0,0,0,0,0,0,1,0
10.6,0,0,1,0,0,0,0,0,1,0
8.28,0,0,1,0,0,0,0,0,1,0
6.18,0,0,1,0,0,0,0,0,1,0
7.47,0,0,1,0,0,0,0,0,1,0
5.85,0,0,1,0,0,0,0,0,1,0
5.75,0,0,1,0,0,0,0,0,1,0
6.34,0,0,1,0,0,0,0,0,1,0
8.29,0,0,1,0,0,0,0,0,1,0
8.26,0,0,1,0,0,0,0,0,1,0
8.29,0,0,1,0,0,0,0,0,1,0
6.17,0,0,1,0,0,0,0,0,1,0
9.0,0,1,0,0,0,0,0,0,1,0
8.98,1,0,0,0,0,0,0,0,1,0
10.77,0,0,0,0,1,0,0,0,1,0
25.96,0,0,0,0,1,0,0,0,1,0
18.21,0,0,0,0,1,0,0,0,1,0
10.77,0,0,0,0,1,0,0,0,1,0
19.84,0,0,0,0,1,0,0,0,1,0
23.11,0,0,0,0,1,0,0,0,1,0
29.78,0,0,0,0,1,0,0,0,1,0
4.82,0,0,1,0,0,0,0,0,1,0
5.49,0,0,1,0,0,0,0,0,1,0
9.67,0,0,1,0,0,0,0,0,1,0
8.71,0,0,1,0,0,0,0,0,1,0
6.99,0,0,1,0,0,0,0,0,1,0
4.85,0,0,1,0,0,0,0,0,1,0
7.41,0,0,1,0,0,0,0,0,1,0
4.98,0,0,1,0,0,0,0,0,1,0
17.96,1,0,0,0,0,0,0,0,1,0
8.96,0,1,0,0,0,0,0,0,1,0
5.99,0,1,0,0,0,0,0,0,1,0
6.0,0,1,0,0,0,0,0,0,1,0
12.98,0,1,0,0,0,0,0,0,1,0
5.98,0,1,0,0,0,0,0,0,1,0
6.0,0,1,0,0,0,0,0,0,1,0
5.97,0,1,0,0,0,0,0,0,1,0
6.98,0,1,0,0,0,0,0,0,1,0
5.99,0,1,0,0,0,0,0,0,1,0
9.0,0,1,0,0,0,0,0,0,1,0
16.83,0,0,0,1,0,0,0,0,1,0
6.33,0,1,0,0,0,0,0,0,1,0
6.53,0,0,1,0,0,0,0,0,1,0
6.99,0,0,1,0,0,0,0,0,1,0
10.26,0,0,1,0,0,0,0,0,1,0
18.73,0,0,1,0,0,0,0,0,1,0
4.96,0,1,0,0,0,0,0,0,1,0
6.22,0,0,0,0,1,0,0,0,1,0
11.06,0,0,0,0,1,0,0,0,1,0
17.09,0,0,0,0,1,0,0,0,1,0
14.62,0,0,0,0,1,0,0,0,1,0
12.12,0,0,0,0,1,0,0,0,1,0
13.78,0,0,0,0,1,0,0,0,1,0
7.13,0,0,1,0,0,0,0,0,1,0
6.53,0,0,1,0,0,0,0,0,1,0
9.0,0,1,0,0,0,0,0,0,1,0
84.79,0,0,0,1,0,0,0,0,1,0
109.35,0,0,0,1,0,0,0,0,1,0
9.02,0,0,0,1,0,0,0,0,1,0
99.65,0,0,0,1,0,0,0,0,1,0
159.48,0,0,0,1,0,0,0,0,1,0
36.81,0,0,0,1,0,0,0,0,1,0
4.79,0,0,0,1,0,0,0,0,1,0
143.86,0,0,0,1,0,0,0,0,1,0
104.25,0,0,0,1,0,0,0,0,1,0
30.77,0,0,0,1,0,0,0,0,1,0
4.44,0,0,0,1,0,0,0,0,1,0
5.78,0,0,0,1,0,0,0,0,1,0
5.76,0,0,0,1,0,0,0,0,1,0
5.76,0,0,0,1,0,0,0,0,1,0
5.73,0,0,0,1,0,0,0,0,1,0
18.8,0,0,0,1,0,0,0,0,1,0
17.23,0,0,0,1,0,0,0,0,1,0
18.06,0,0,0,1,0,0,0,0,1,0
24.18,0,0,0,1,0,0,0,0,1,0
9.96,1,0,0,0,0,0,0,0,1,0
8.02,1,0,0,0,0,0,0,0,1,0
7.63,1,0,0,0,0,0,0,0,1,0
3.82,1,0,0,0,0,0,0,0,1,0
4.21,1,0,0,0,0,0,0,0,1,0
4.3,1,0,0,0,0,0,0,0,1,0
7.4,1,0,0,0,0,0,0,0,1,0
4.98,1,0,0,0,0,0,0,0,1,0
4.16,1,0,0,0,0,0,0,0,1,0
9.96,1,0,0,0,0,0,0,0,1,0
9.9,1,0,0,0,0,0,0,0,1,0
9.93,1,0,0,0,0,0,0,0,1,0
3.0,1,0,0,0,0,0,0,0,1,0
7.0,1,0,0,0,0,0,0,0,1,0
8.5,1,0,0,0,0,0,0,0,1,0
3.09,1,0,0,0,0,0,0,0,1,0
3.54,1,0,0,0,0,0,0,0,1,0
5.06,1,0,0,0,0,0,0,0,1,0
7.0,0,1,0,0,0,0,0,0,1,0
3.85,1,0,0,0,0,0,0,0,0,1
8.07,1,0,0,0,0,0,0,0,0,1
5.99,1,0,0,0,0,0,0,0,0,1
4.7,1,0,0,0,0,0,0,0,0,1
5.31,1,0,0,0,0,0,0,0,0,1
4.3,1,0,0,0,0,0,0,0,0,1
3.96,1,0,0,0,0,0,0,0,0,1
5.94,1,0,0,0,0,0,0,0,0,1
12.0,0,1,0,0,0,0,0,0,0,1
2.99,1,0,0,0,0,0,0,0,0,1
5.92,1,0,0,0,0,0,0,0,0,1
4.49,1,0,0,0,0,0,0,0,0,1
5.98,0,1,0,0,0,0,0,0,0,1
10.52,0,0,1,0,0,0,0,0,0,1
6.3,0,0,1,0,0,0,0,0,0,1
13.6,0,0,1,0,0,0,0,0,0,1
7.48,0,0,1,0,0,0,0,0,0,1
9.17,0,0,1,0,0,0,0,0,0,1
5.9,0,0,1,0,0,0,0,0,0,1
6.39,0,0,1,0,0,0,0,0,0,1
8.34,0,0,1,0,0,0,0,0,0,1
8.21,0,0,1,0,0,0,0,0,0,1
8.29,0,0,1,0,0,0,0,0,0,1
8.36,0,0,1,0,0,0,0,0,0,1
8.93,0,1,0,0,0,0,0,0,0,1
9.0,1,0,0,0,0,0,0,0,0,1
25.92,0,0,0,0,1,0,0,0,0,1
19.92,0,0,0,0,1,0,0,0,0,1
30.92,0,0,0,0,1,0,0,0,0,1
28.82,0,0,0,0,1,0,0,0,0,1
19.73,0,0,0,0,1,0,0,0,0,1
29.75,0,0,0,0,1,0,0,0,0,1
4.75,0,0,1,0,0,0,0,0,0,1
5.54,0,0,1,0,0,0,0,0,0,1
9.64,0,0,1,0,0,0,0,0,0,1
8.73,0,0,1,0,0,0,0,0,0,1
6.98,0,0,1,0,0,0,0,0,0,1
4.86,0,0,1,0,0,0,0,0,0,1
7.44,0,0,1,0,0,0,0,0,0,1
6.32,0,0,1,0,0,0,0,0,0,1
6.28,0,0,1,0,0,0,0,0,0,1
6.62,0,0,1,0,0,0,0,0,0,1
17.91,1,0,0,0,0,0,0,0,0,1
8.96,0,1,0,0,0,0,0,0,0,1
6.0,0,1,0,0,0,0,0,0,0,1
5.97,0,1,0,0,0,0,0,0,0,1
5.98,0,1,0,0,0,0,0,0,0,1
6.0,0,1,0,0,0,0,0,0,0,1
6.91,0,1,0,0,0,0,0,0,0,1
6.96,0,1,0,0,0,0,0,0,0,1
5.98,0,1,0,0,0,0,0,0,0,1
10.09,0,1,0,0,0,0,0,0,0,1
8.99,0,1,0,0,0,0,0,0,0,1
19.7,0,0,0,1,0,0,0,0,0,1
31.37,0,0,0,1,0,0,0,0,0,1
6.17,0,0,0,0,1,0,0,0,0,1
7.94,0,1,0,0,0,0,0,0,0,1
7.03,0,0,1,0,0,0,0,0,0,1
14.9,0,0,0,0,1,0,0,0,0,1
11.46,0,0,0,0,1,0,0,0,0,1
10.26,0,0,1,0,0,0,0,0,0,1
30.63,0,0,1,0,0,0,0,0,0,1
7.99,0,1,0,0,0,0,0,0,0,1
6.2,0,0,0,0,1,0,0,0,0,1
11.04,0,0,0,0,1,0,0,0,0,1
17.03,0,0,0,0,1,0,0,0,0,1
12.06,0,0,0,0,1,0,0,0,0,1
13.75,0,0,0,0,1,0,0,0,0,1
21.55,0,0,0,0,1,0,0,0,0,1
7.1,0,0,1,0,0,0,0,0,0,1
9.0,0,1,0,0,0,0,0,0,0,1
84.95,0,0,0,1,0,0,0,0,0,1
35.28,0,0,0,1,0,0,0,0,0,1
99.1,0,0,0,1,0,0,0,0,0,1
109.65,0,0,0,1,0,0,0,0,0,1
159.29,0,0,0,1,0,0,0,0,0,1
104.6,0,0,0,1,0,0,0,0,0,1
18.67,0,0,0,1,0,0,0,0,0,1
9.56,0,0,0,1,0,0,0,0,0,1
18.67,0,0,0,1,0,0,0,0,0,1
22.21,0,0,0,1,0,0,0,0,0,1
30.85,0,0,0,1,0,0,0,0,0,1
4.42,0,0,0,1,0,0,0,0,0,1
5.65,0,0,0,1,0,0,0,0,0,1
5.71,0,0,0,1,0,0,0,0,0,1
5.71,0,0,0,1,0,0,0,0,0,1
18.68,0,0,0,1,0,0,0,0,0,1
17.24,0,0,0,1,0,0,0,0,0,1
17.98,0,0,0,1,0,0,0,0,0,1
11.9,0,0,0,1,0,0,0,0,0,1
9.0,0,1,0,0,0,0,0,0,0,1
7.4,1,0,0,0,0,0,0,0,0,1
3.84,1,0,0,0,0,0,0,0,0,1
6.65,1,0,0,0,0,0,0,0,0,1
3.8,1,0,0,0,0,0,0,0,0,1
6.0,1,0,0,0,0,0,0,0,0,1
4.21,1,0,0,0,0,0,0,0,0,1
6.69,1,0,0,0,0,0,0,0,0,1
4.29,1,0,0,0,0,0,0,0,0,1
7.99,1,0,0,0,0,0,0,0,0,1
4.94,1,0,0,0,0,0,0,0,0,1
4.14,1,0,0,0,0,0,0,0,0,1
5.22,1,0,0,0,0,0,0,0,0,1
10.0,1,0,0,0,0,0,0,0,0,1
10.91,1,0,0,0,0,0,0,0,0,1
9.96,1,0,0,0,0,0,0,0,0,1
2.98,1,0,0,0,0,0,0,0,0,1
3.08,1,0,0,0,0,0,0,0,0,1
3.54,1,0,0,0,0,0,0,0,0,1
5.07,1,0,0,0,0,0,0,0,0,1
6.99,0,1,0,0,0,0,0,0,0,1
